name,link
AH Patentbloem,https://www.ah.nl/producten/product/wi951/ah-patentbloem
AH Stokbrood wit,https://www.ah.nl/producten/product/wi32543/ah-stokbrood-wit
AH Allinson volkoren,https://www.ah.nl/producten/product/wi48715/ah-allinson-volkoren
AH Les pains Boulogne half,https://www.ah.nl/producten/product/wi125034/ah-les-pains-boulogne-half
AH Les pains boulogne heel,https://www.ah.nl/producten/product/wi125035/ah-les-pains-boulogne-heel
AH Mini gedecoreerde crodot,https://www.ah.nl/producten/product/wi126531/ah-mini-gedecoreerde-crodot
AH Kaassnack,https://www.ah.nl/producten/product/wi143648/ah-kaassnack
AH Ongebrande garneer amandelen,https://www.ah.nl/producten/product/wi162131/ah-ongebrande-garneer-amandelen
AH Tijger bruin ovenvers heel,https://www.ah.nl/producten/product/wi168181/ah-tijger-bruin-ovenvers-heel
AH Tijger wit ovenvers heel,https://www.ah.nl/producten/product/wi168184/ah-tijger-wit-ovenvers-heel
AH Taaikorstjes,https://www.ah.nl/producten/product/wi170055/ah-taaikorstjes
AH Les pains bastille heel,https://www.ah.nl/producten/product/wi182711/ah-les-pains-bastille-heel
AH Springvorm 12cm,https://www.ah.nl/producten/product/wi189541/ah-springvorm-12cm
AH Tompouce,https://www.ah.nl/producten/product/wi191173/ah-tompouce
AH Puddingkruimelvlaai half,https://www.ah.nl/producten/product/wi194376/ah-puddingkruimelvlaai-half
AH Witte bollen,https://www.ah.nl/producten/product/wi200624/ah-witte-bollen
AH Bakkersontbijtkoek,https://www.ah.nl/producten/product/wi200995/ah-bakkersontbijtkoek
AH Krentenwegge,https://www.ah.nl/producten/product/wi200996/ah-krentenwegge
AH Mehrkorn,https://www.ah.nl/producten/product/wi201004/ah-mehrkorn
AH Rheinlander brood,https://www.ah.nl/producten/product/wi201005/ah-rheinlander-brood
AH Cakevorm 30cm,https://www.ah.nl/producten/product/wi201194/ah-cakevorm-30cm
AH Brownievorm anti,https://www.ah.nl/producten/product/wi201197/ah-brownievorm-anti
AH Springvorm vierkant,https://www.ah.nl/producten/product/wi207466/ah-springvorm-vierkant
AH Springvorm 18cm,https://www.ah.nl/producten/product/wi215648/ah-springvorm-18cm
AH Rijstevlaai half,https://www.ah.nl/producten/product/wi224353/ah-rijstevlaai-half
AH Aardbeien bavaroise vlaai half,https://www.ah.nl/producten/product/wi224355/ah-aardbeien-bavaroise-vlaai-half
AH Bakvorm vierkant 16x16cm,https://www.ah.nl/producten/product/wi230286/ah-bakvorm-vierkant-16x16cm
AH Kaasbroodje,https://www.ah.nl/producten/product/wi230704/ah-kaasbroodje
AH Ham kaas croissant,https://www.ah.nl/producten/product/wi230710/ah-ham-kaas-croissant
AH Italiaanse bol wit,https://www.ah.nl/producten/product/wi230715/ah-italiaanse-bol-wit
AH Pistolet bruin,https://www.ah.nl/producten/product/wi230717/ah-pistolet-bruin
AH Pistolet wit,https://www.ah.nl/producten/product/wi230718/ah-pistolet-wit
AH Roomboter amandelspijs gevulde koek,https://www.ah.nl/producten/product/wi230721/ah-roomboter-amandelspijs-gevulde-koek
AH Saucijzenbroodje,https://www.ah.nl/producten/product/wi230724/ah-saucijzenbroodje
AH Roomboter appelflap,https://www.ah.nl/producten/product/wi230725/ah-roomboter-appelflap
AH Maple pecan vlechtbrood,https://www.ah.nl/producten/product/wi230726/ah-maple-pecan-vlechtbrood
AH Notenkoek,https://www.ah.nl/producten/product/wi230727/ah-notenkoek
AH Triangel meergranen bruin,https://www.ah.nl/producten/product/wi230731/ah-triangel-meergranen-bruin
AH Pistolet boulogne volkoren,https://www.ah.nl/producten/product/wi230732/ah-pistolet-boulogne-volkoren
AH Gesuikerde donuts,https://www.ah.nl/producten/product/wi230733/ah-gesuikerde-donuts
AH Kaiserbroodje wit,https://www.ah.nl/producten/product/wi230734/ah-kaiserbroodje-wit
AH Gedecoreerde donuts,https://www.ah.nl/producten/product/wi230737/ah-gedecoreerde-donuts
AH Koffiebroodje,https://www.ah.nl/producten/product/wi230738/ah-koffiebroodje
AH Roomboter croissant chocolade praline,https://www.ah.nl/producten/product/wi230740/ah-roomboter-croissant-chocolade-praline
AH Mokkagebakjes,https://www.ah.nl/producten/product/wi230743/ah-mokkagebakjes
AH Mini appeltaart,https://www.ah.nl/producten/product/wi230746/ah-mini-appeltaart
AH American triple choco cookie,https://www.ah.nl/producten/product/wi230748/ah-american-triple-choco-cookie
AH Berlinerbol,https://www.ah.nl/producten/product/wi230754/ah-berlinerbol
AH Muffin dubbelchocolade,https://www.ah.nl/producten/product/wi230757/ah-muffin-dubbelchocolade
AH Muffin vanille met chocolade stukjes,https://www.ah.nl/producten/product/wi230758/ah-muffin-vanille-met-chocolade-stukjes
AH Suikerwafel,https://www.ah.nl/producten/product/wi230768/ah-suikerwafel
AH Schnitt broodje wit,https://www.ah.nl/producten/product/wi230769/ah-schnitt-broodje-wit
AH Choco kokos cake,https://www.ah.nl/producten/product/wi230776/ah-choco-kokos-cake
AH Stevig volkoren meergranen half,https://www.ah.nl/producten/product/wi230777/ah-stevig-volkoren-meergranen-half
AH Chocolade & macadamian nut cookie,https://www.ah.nl/producten/product/wi230783/ah-chocolade-en-macadamian-nut-cookie
AH Les pains triomphe half,https://www.ah.nl/producten/product/wi230787/ah-les-pains-triomphe-half
AH Desem pistolet wit,https://www.ah.nl/producten/product/wi230788/ah-desem-pistolet-wit
AH Desem pistolet bruin meergranen,https://www.ah.nl/producten/product/wi230789/ah-desem-pistolet-bruin-meergranen
AH Stokbrood bruin,https://www.ah.nl/producten/product/wi230790/ah-stokbrood-bruin
AH Stevig spelt half,https://www.ah.nl/producten/product/wi230797/ah-stevig-spelt-half
AH Mini boterkoek,https://www.ah.nl/producten/product/wi230818/ah-mini-boterkoek
AH Boeren volkoren heel,https://www.ah.nl/producten/product/wi230822/ah-boeren-volkoren-heel
AH Kersenflappen met room,https://www.ah.nl/producten/product/wi230827/ah-kersenflappen-met-room
AH Carrot cake,https://www.ah.nl/producten/product/wi230829/ah-carrot-cake
AH Kaas croissant,https://www.ah.nl/producten/product/wi230859/ah-kaas-croissant
AH Roomboter picolientje,https://www.ah.nl/producten/product/wi231532/ah-roomboter-picolientje
AH Tijgerbrood volkoren ovenvers half,https://www.ah.nl/producten/product/wi231533/ah-tijgerbrood-volkoren-ovenvers-half
AH Tijgerbrood bruin ovenvers half,https://www.ah.nl/producten/product/wi231535/ah-tijgerbrood-bruin-ovenvers-half
AH Tijgerbrood wit ovenvers half,https://www.ah.nl/producten/product/wi231536/ah-tijgerbrood-wit-ovenvers-half
AH Les pains bastille half,https://www.ah.nl/producten/product/wi231537/ah-les-pains-bastille-half
AH Mini donuts,https://www.ah.nl/producten/product/wi231676/ah-mini-donuts
AH Mini donuts choco,https://www.ah.nl/producten/product/wi231677/ah-mini-donuts-choco
AH Rocky road,https://www.ah.nl/producten/product/wi231696/ah-rocky-road
AH Roomboter appeltaart,https://www.ah.nl/producten/product/wi231911/ah-roomboter-appeltaart
AH Chocoladebroodje,https://www.ah.nl/producten/product/wi231924/ah-chocoladebroodje
AH Oatmeal cookie,https://www.ah.nl/producten/product/wi231926/ah-oatmeal-cookie
AH Stevig grof volkoren half,https://www.ah.nl/producten/product/wi233382/ah-stevig-grof-volkoren-half
AH Stevig grof volkoren heel,https://www.ah.nl/producten/product/wi233492/ah-stevig-grof-volkoren-heel
AH Vloer Nederlands wit half,https://www.ah.nl/producten/product/wi241458/ah-vloer-nederlands-wit-half
AH Gedroogde vijgen,https://www.ah.nl/producten/product/wi243875/ah-gedroogde-vijgen
AH Meerzadenbroodje wit,https://www.ah.nl/producten/product/wi251401/ah-meerzadenbroodje-wit
AH Vloer Nederlands meergranen half,https://www.ah.nl/producten/product/wi252839/ah-vloer-nederlands-meergranen-half
AH Vloer Nederlands volkoren half,https://www.ah.nl/producten/product/wi277519/ah-vloer-nederlands-volkoren-half
AH Kasteeltjes,https://www.ah.nl/producten/product/wi358418/ah-kasteeltjes
AH Kaastwister spelt wit,https://www.ah.nl/producten/product/wi362215/ah-kaastwister-spelt-wit
AH Luxe speltbol wit,https://www.ah.nl/producten/product/wi362217/ah-luxe-speltbol-wit
AH Petit croissant,https://www.ah.nl/producten/product/wi365994/ah-petit-croissant
AH Luxe croissant,https://www.ah.nl/producten/product/wi365995/ah-luxe-croissant
AH Baguette,https://www.ah.nl/producten/product/wi366073/ah-baguette
AH Slagroom schnitte,https://www.ah.nl/producten/product/wi384138/ah-slagroom-schnitte
AH Mini tompoucen,https://www.ah.nl/producten/product/wi384664/ah-mini-tompoucen
AH Appeltaart,https://www.ah.nl/producten/product/wi384673/ah-appeltaart
AH Schnittbroodje bruin,https://www.ah.nl/producten/product/wi385042/ah-schnittbroodje-bruin
AH Kersencake met banketbakkersroom,https://www.ah.nl/producten/product/wi385856/ah-kersencake-met-banketbakkersroom
AH Worstenbroodje,https://www.ah.nl/producten/product/wi399565/ah-worstenbroodje
AH Ciabattina rozijn wit,https://www.ah.nl/producten/product/wi403995/ah-ciabattina-rozijn-wit
AH Kaas uienbroodje,https://www.ah.nl/producten/product/wi411164/ah-kaas-uienbroodje
AH maatbeker 1ltr,https://www.ah.nl/producten/product/wi413850/ah-maatbeker-1ltr
AH Muffinvorm 6 cups anti,https://www.ah.nl/producten/product/wi413938/ah-muffinvorm-6-cups-anti
AH Vloer Nederlands wit heel,https://www.ah.nl/producten/product/wi417144/ah-vloer-nederlands-wit-heel
AH Vloer Nederlands meergranen heel,https://www.ah.nl/producten/product/wi417147/ah-vloer-nederlands-meergranen-heel
AH Vloer Nederlands volkoren heel,https://www.ah.nl/producten/product/wi417148/ah-vloer-nederlands-volkoren-heel
AH Focaccia pepperoni,https://www.ah.nl/producten/product/wi425912/ah-focaccia-pepperoni
AH Spinazie feta borek,https://www.ah.nl/producten/product/wi429658/ah-spinazie-feta-borek
AH Mini tompoucen toffee,https://www.ah.nl/producten/product/wi430094/ah-mini-tompoucen-toffee
AH Donut rainbow,https://www.ah.nl/producten/product/wi433739/ah-donut-rainbow
AH Donut marshmallow,https://www.ah.nl/producten/product/wi433743/ah-donut-marshmallow
AH Papieren cupcake vorm,https://www.ah.nl/producten/product/wi436005/ah-papieren-cupcake-vorm
AH Kaas ruitbroodje wit,https://www.ah.nl/producten/product/wi440472/ah-kaas-ruitbroodje-wit
AH Focaccia mozzarella,https://www.ah.nl/producten/product/wi451137/ah-focaccia-mozzarella
AH Kaiserbroodjes,https://www.ah.nl/producten/product/wi458903/ah-kaiserbroodjes
AH Tijgerbol wit,https://www.ah.nl/producten/product/wi459347/ah-tijgerbol-wit
AH Volkoren bol,https://www.ah.nl/producten/product/wi466386/ah-volkoren-bol
AH Meerzaden croissant,https://www.ah.nl/producten/product/wi466494/ah-meerzaden-croissant
AH Kip loempia borek,https://www.ah.nl/producten/product/wi467677/ah-kip-loempia-borek
AH Extra lang lekker rozijnen krentebollen,https://www.ah.nl/producten/product/wi467990/ah-extra-lang-lekker-rozijnen-krentebollen
AH Kaneelbroodje,https://www.ah.nl/producten/product/wi468259/ah-kaneelbroodje
AH Mini bosvrucht slofjes,https://www.ah.nl/producten/product/wi468275/ah-mini-bosvrucht-slofjes
AH Petit stokbrood wit,https://www.ah.nl/producten/product/wi475815/ah-petit-stokbrood-wit
AH Petit stokbrood meerzaden,https://www.ah.nl/producten/product/wi475816/ah-petit-stokbrood-meerzaden
AH Kaiserbroodje volkoren,https://www.ah.nl/producten/product/wi475819/ah-kaiserbroodje-volkoren
AH Vanille donut gevuld,https://www.ah.nl/producten/product/wi476131/ah-vanille-donut-gevuld
AH Aardbeienschelpjes,https://www.ah.nl/producten/product/wi477876/ah-aardbeienschelpjes
AH Oude wijvenkoek,https://www.ah.nl/producten/product/wi485083/ah-oude-wijvenkoek
AH Aardbeien bavarois schnitt,https://www.ah.nl/producten/product/wi485210/ah-aardbeien-bavarois-schnitt
AH Popdots mix,https://www.ah.nl/producten/product/wi485271/ah-popdots-mix
AH Donut zebra,https://www.ah.nl/producten/product/wi485280/ah-donut-zebra
AH Rond volkoren half,https://www.ah.nl/producten/product/wi487298/ah-rond-volkoren-half
AH Rond wit half,https://www.ah.nl/producten/product/wi487299/ah-rond-wit-half
AH Rond wit heel,https://www.ah.nl/producten/product/wi487300/ah-rond-wit-heel
AH Rond volkoren heel,https://www.ah.nl/producten/product/wi487301/ah-rond-volkoren-heel
AH Red velvet muffin,https://www.ah.nl/producten/product/wi494275/ah-red-velvet-muffin
AH Desem pistolet spelt wit,https://www.ah.nl/producten/product/wi495896/ah-desem-pistolet-spelt-wit
AH Bakkersbol boter wit,https://www.ah.nl/producten/product/wi497772/ah-bakkersbol-boter-wit
AH Stevig eiwitrijk heel,https://www.ah.nl/producten/product/wi507189/ah-stevig-eiwitrijk-heel
AH Rozijn krentenbrood plak,https://www.ah.nl/producten/product/wi507190/ah-rozijn-krentenbrood-plak
AH Volkoren muesli notenbrood plakken,https://www.ah.nl/producten/product/wi507191/ah-volkoren-muesli-notenbrood-plakken
AH Wit stokbrood,https://www.ah.nl/producten/product/wi507687/ah-wit-stokbrood
AH Tijger stokbrood,https://www.ah.nl/producten/product/wi507688/ah-tijger-stokbrood
AH Kaas uien stokbrood,https://www.ah.nl/producten/product/wi507690/ah-kaas-uien-stokbrood
AH Cookies & cream taart,https://www.ah.nl/producten/product/wi507966/ah-cookies-en-cream-taart
AH Partybrood wit,https://www.ah.nl/producten/product/wi508049/ah-partybrood-wit
AH Partybrood volkoren,https://www.ah.nl/producten/product/wi508051/ah-partybrood-volkoren
AH Luxe blueberry muffin,https://www.ah.nl/producten/product/wi509625/ah-luxe-blueberry-muffin
AH Extra lang lekker tostibrood,https://www.ah.nl/producten/product/wi512282/ah-extra-lang-lekker-tostibrood
AH Kaasstengel,https://www.ah.nl/producten/product/wi515766/ah-kaasstengel
AH Carrot cake plak,https://www.ah.nl/producten/product/wi515791/ah-carrot-cake-plak
AH Donut fruit sensation,https://www.ah.nl/producten/product/wi515857/ah-donut-fruit-sensation
AH Framboos witte choco vlaai half,https://www.ah.nl/producten/product/wi517030/ah-framboos-witte-choco-vlaai-half
AH Framboos cheesecake,https://www.ah.nl/producten/product/wi517036/ah-framboos-cheesecake
AH Libanees brood partymix,https://www.ah.nl/producten/product/wi523484/ah-libanees-brood-partymix
AH Libanees brood wit,https://www.ah.nl/producten/product/wi523485/ah-libanees-brood-wit
AH Pastel de nata,https://www.ah.nl/producten/product/wi523679/ah-pastel-de-nata
AH Triangel croissant,https://www.ah.nl/producten/product/wi530776/ah-triangel-croissant
AH Pizzastuk vegetarisch,https://www.ah.nl/producten/product/wi537022/ah-pizzastuk-vegetarisch
AH Brownie karamel vlaai half,https://www.ah.nl/producten/product/wi537025/ah-brownie-karamel-vlaai-half
AH Mini appel kaneel slofjes,https://www.ah.nl/producten/product/wi537028/ah-mini-appel-kaneel-slofjes
AH Dino taart,https://www.ah.nl/producten/product/wi537034/ah-dino-taart
AH Witte choco raspberry cookie,https://www.ah.nl/producten/product/wi550927/ah-witte-choco-raspberry-cookie
AH Zaans meergranen half,https://www.ah.nl/producten/product/wi553741/ah-zaans-meergranen-half
AH Extra lang lekker tostibrood volkoren,https://www.ah.nl/producten/product/wi553742/ah-extra-lang-lekker-tostibrood-volkoren
AH Volkoren bollen,https://www.ah.nl/producten/product/wi553743/ah-volkoren-bollen
AH Mini red velvet slofjes,https://www.ah.nl/producten/product/wi555247/ah-mini-red-velvet-slofjes
AH Spekkoek pandan,https://www.ah.nl/producten/product/wi555248/ah-spekkoek-pandan
AH Brownie,https://www.ah.nl/producten/product/wi555440/ah-brownie
AH Mexican burrito vegan,https://www.ah.nl/producten/product/wi555442/ah-mexican-burrito-vegan
AH Pide vegetarische kip groente,https://www.ah.nl/producten/product/wi555443/ah-pide-vegetarische-kip-groente
AH Kaneel rozijnen stengel,https://www.ah.nl/producten/product/wi556511/ah-kaneel-rozijnen-stengel
AH Cinnamon knot,https://www.ah.nl/producten/product/wi556512/ah-cinnamon-knot
AH Raspberry crown,https://www.ah.nl/producten/product/wi556513/ah-raspberry-crown
AH Tijger tarwe maïs half,https://www.ah.nl/producten/product/wi561016/ah-tijger-tarwe-mais-half
AH Tijger tarwe maïs heel,https://www.ah.nl/producten/product/wi561017/ah-tijger-tarwe-mais-heel
AH Vloer waldkorn Nederlands graan half,https://www.ah.nl/producten/product/wi561020/ah-vloer-waldkorn-nederlands-graan-half
AH Vloer waldkorn heel,https://www.ah.nl/producten/product/wi561021/ah-vloer-waldkorn-heel
AH Flammkuchen hartige donut,https://www.ah.nl/producten/product/wi563507/ah-flammkuchen-hartige-donut
AH Kebab style broodje,https://www.ah.nl/producten/product/wi563509/ah-kebab-style-broodje
AH Kip cajun bun,https://www.ah.nl/producten/product/wi563510/ah-kip-cajun-bun
AH Stoofpeer kaneel cake,https://www.ah.nl/producten/product/wi564072/ah-stoofpeer-kaneel-cake
AH Mini choco caramel peanuts cups,https://www.ah.nl/producten/product/wi564098/ah-mini-choco-caramel-peanuts-cups
AH Mini Franse eclairs,https://www.ah.nl/producten/product/wi564099/ah-mini-franse-eclairs
AH Unicorn taart,https://www.ah.nl/producten/product/wi564100/ah-unicorn-taart
AH Kindertaart feest,https://www.ah.nl/producten/product/wi564238/ah-kindertaart-feest
AH Spekkoek speculaas karamel,https://www.ah.nl/producten/product/wi564239/ah-spekkoek-speculaas-karamel
AH Mokka schnitte,https://www.ah.nl/producten/product/wi564324/ah-mokka-schnitte
AH Karamel slof,https://www.ah.nl/producten/product/wi564325/ah-karamel-slof
AH Crunchy toffee punten,https://www.ah.nl/producten/product/wi564326/ah-crunchy-toffee-punten
AH Mini speculaas witte chocolade slofjes,https://www.ah.nl/producten/product/wi564327/ah-mini-speculaas-witte-chocolade-slofjes
AH Pudding vlaaipunt mix,https://www.ah.nl/producten/product/wi564328/ah-pudding-vlaaipunt-mix
AH Tompouce vlaai,https://www.ah.nl/producten/product/wi564329/ah-tompouce-vlaai
AH Chocolademouse taartje,https://www.ah.nl/producten/product/wi564330/ah-chocolademouse-taartje
AH Triple choco taartje,https://www.ah.nl/producten/product/wi564331/ah-triple-choco-taartje
AH Mini chocomouse slofjes,https://www.ah.nl/producten/product/wi564332/ah-mini-chocomouse-slofjes
